CREATE DATABASE  IF NOT EXISTS `controledepropriedade` /*!40100 DEFAULT CHARACTER SET utf8mb4 COLLATE utf8mb4_0900_ai_ci */ /*!80016 DEFAULT ENCRYPTION='N' */;
USE `controledepropriedade`;
-- MySQL dump 10.13  Distrib 8.0.38, for Win64 (x86_64)
--
-- Host: 127.0.0.1    Database: controledepropriedade
-- ------------------------------------------------------
-- Server version	8.0.39

/*!40101 SET @OLD_CHARACTER_SET_CLIENT=@@CHARACTER_SET_CLIENT */;
/*!40101 SET @OLD_CHARACTER_SET_RESULTS=@@CHARACTER_SET_RESULTS */;
/*!40101 SET @OLD_COLLATION_CONNECTION=@@COLLATION_CONNECTION */;
/*!50503 SET NAMES utf8 */;
/*!40103 SET @OLD_TIME_ZONE=@@TIME_ZONE */;
/*!40103 SET TIME_ZONE='+00:00' */;
/*!40014 SET @OLD_UNIQUE_CHECKS=@@UNIQUE_CHECKS, UNIQUE_CHECKS=0 */;
/*!40014 SET @OLD_FOREIGN_KEY_CHECKS=@@FOREIGN_KEY_CHECKS, FOREIGN_KEY_CHECKS=0 */;
/*!40101 SET @OLD_SQL_MODE=@@SQL_MODE, SQL_MODE='NO_AUTO_VALUE_ON_ZERO' */;
/*!40111 SET @OLD_SQL_NOTES=@@SQL_NOTES, SQL_NOTES=0 */;

--
-- Table structure for table `aluguel`
--

DROP TABLE IF EXISTS `aluguel`;
/*!40101 SET @saved_cs_client     = @@character_set_client */;
/*!50503 SET character_set_client = utf8mb4 */;
CREATE TABLE `aluguel` (
  `idaluguel` int NOT NULL,
  `id_propriedade` int DEFAULT NULL,
  `id_inquilino` int DEFAULT NULL,
  `valor_aluguel` float DEFAULT NULL,
  `cobranca` datetime DEFAULT NULL,
  `data_inicio_residencia` datetime DEFAULT NULL,
  `data_final_residencia` datetime DEFAULT NULL,
  `periodo_residencia` int DEFAULT NULL,
  PRIMARY KEY (`idaluguel`)
) ENGINE=InnoDB DEFAULT CHARSET=utf8mb4 COLLATE=utf8mb4_0900_ai_ci;
/*!40101 SET character_set_client = @saved_cs_client */;

--
-- Dumping data for table `aluguel`
--

LOCK TABLES `aluguel` WRITE;
/*!40000 ALTER TABLE `aluguel` DISABLE KEYS */;
/*!40000 ALTER TABLE `aluguel` ENABLE KEYS */;
UNLOCK TABLES;

--
-- Table structure for table `documentacao_inquilino`
--

DROP TABLE IF EXISTS `documentacao_inquilino`;
/*!40101 SET @saved_cs_client     = @@character_set_client */;
/*!50503 SET character_set_client = utf8mb4 */;
CREATE TABLE `documentacao_inquilino` (
  `iddocumentacao_inquilino` int NOT NULL,
  `documento` varchar(45) DEFAULT NULL,
  `id_inquilino` int DEFAULT NULL,
  PRIMARY KEY (`iddocumentacao_inquilino`)
) ENGINE=InnoDB DEFAULT CHARSET=utf8mb4 COLLATE=utf8mb4_0900_ai_ci;
/*!40101 SET character_set_client = @saved_cs_client */;

--
-- Dumping data for table `documentacao_inquilino`
--

LOCK TABLES `documentacao_inquilino` WRITE;
/*!40000 ALTER TABLE `documentacao_inquilino` DISABLE KEYS */;
/*!40000 ALTER TABLE `documentacao_inquilino` ENABLE KEYS */;
UNLOCK TABLES;

--
-- Table structure for table `documentacao_propriedade`
--

DROP TABLE IF EXISTS `documentacao_propriedade`;
/*!40101 SET @saved_cs_client     = @@character_set_client */;
/*!50503 SET character_set_client = utf8mb4 */;
CREATE TABLE `documentacao_propriedade` (
  `iddocumentacao_propriedade` int NOT NULL AUTO_INCREMENT,
  `nome_doc` varchar(250) NOT NULL,
  `path` varchar(250) NOT NULL,
  `data_upload` date NOT NULL,
  `id_propriedade` int DEFAULT NULL,
  PRIMARY KEY (`iddocumentacao_propriedade`),
  KEY `fk_propriedade` (`id_propriedade`),
  CONSTRAINT `fk_propriedade` FOREIGN KEY (`id_propriedade`) REFERENCES `propriedade` (`idpropriedade`)
) ENGINE=InnoDB AUTO_INCREMENT=108 DEFAULT CHARSET=utf8mb4 COLLATE=utf8mb4_0900_ai_ci;
/*!40101 SET character_set_client = @saved_cs_client */;

--
-- Dumping data for table `documentacao_propriedade`
--

LOCK TABLES `documentacao_propriedade` WRITE;
/*!40000 ALTER TABLE `documentacao_propriedade` DISABLE KEYS */;
INSERT INTO `documentacao_propriedade` VALUES (102,'Contrato 01-24.pdf','arquivos/670da98bb7e61.pdf','2024-10-14',11),(103,'Currículo.pdf','arquivos/670da98bb96b1.pdf','2024-10-14',11),(104,'Contrato 01-24.pdf','arquivos/670daa20d87cd.pdf','2024-10-14',12),(105,'Currículo.pdf','arquivos/670daa20da2ba.pdf','2024-10-14',12),(106,'ProfileLinkedin(Curriculo).pdf','arquivos/670daa20dbc0e.pdf','2024-10-14',12),(107,'Requerimento de correção de nota.pdf','arquivos/670daa20dc912.pdf','2024-10-14',12);
/*!40000 ALTER TABLE `documentacao_propriedade` ENABLE KEYS */;
UNLOCK TABLES;

--
-- Table structure for table `estados`
--

DROP TABLE IF EXISTS `estados`;
/*!40101 SET @saved_cs_client     = @@character_set_client */;
/*!50503 SET character_set_client = utf8mb4 */;
CREATE TABLE `estados` (
  `id_estado` int NOT NULL AUTO_INCREMENT,
  `nome_estado` varchar(45) DEFAULT NULL,
  `sigla` varchar(45) DEFAULT NULL,
  PRIMARY KEY (`id_estado`)
) ENGINE=InnoDB AUTO_INCREMENT=28 DEFAULT CHARSET=utf8mb4 COLLATE=utf8mb4_0900_ai_ci;
/*!40101 SET character_set_client = @saved_cs_client */;

--
-- Dumping data for table `estados`
--

LOCK TABLES `estados` WRITE;
/*!40000 ALTER TABLE `estados` DISABLE KEYS */;
INSERT INTO `estados` VALUES (1,'Acre','AC'),(2,'Alagoas','AL'),(3,'Amapá','AP'),(4,'Amazonas','AM'),(5,'Bahia','BA'),(6,'Ceará','CE'),(7,'Distrito Federal','DF'),(8,'Espírito Santo','ES'),(9,'Goiás','GO'),(10,'Maranhão','MA'),(11,'Mato Grosso','MT'),(12,'Mato Grosso do Sul','MS'),(13,'Minas Gerais','MG'),(14,'Pará','PA'),(15,'Paraíba','PB'),(16,'Paraná','PR'),(17,'Pernambuco','PE'),(18,'Piauí','PI'),(19,'Rio de Janeiro','RJ'),(20,'Rio Grande do Norte','RN'),(21,'Rio Grande do Sul','RS'),(22,'Rondônia','RO'),(23,'Roraima','RR'),(24,'Santa Catarina','SC'),(25,'São Paulo','SP'),(26,'Sergipe','SE'),(27,'Tocantins','TO');
/*!40000 ALTER TABLE `estados` ENABLE KEYS */;
UNLOCK TABLES;

--
-- Table structure for table `inquilino`
--

DROP TABLE IF EXISTS `inquilino`;
/*!40101 SET @saved_cs_client     = @@character_set_client */;
/*!50503 SET character_set_client = utf8mb4 */;
CREATE TABLE `inquilino` (
  `idinquilino` int NOT NULL,
  `nome_inquilino` varchar(45) DEFAULT NULL,
  `rg_pdf` varchar(15) DEFAULT NULL,
  `cpf_pdf` varchar(15) DEFAULT NULL,
  `rg_numero` varchar(45) DEFAULT NULL,
  `cpf_numero` varchar(45) DEFAULT NULL,
  `endereco` varchar(45) DEFAULT NULL,
  `id_localizacao` int DEFAULT NULL,
  `data_nascimento` date DEFAULT NULL,
  PRIMARY KEY (`idinquilino`)
) ENGINE=InnoDB DEFAULT CHARSET=utf8mb4 COLLATE=utf8mb4_0900_ai_ci;
/*!40101 SET character_set_client = @saved_cs_client */;

--
-- Dumping data for table `inquilino`
--

LOCK TABLES `inquilino` WRITE;
/*!40000 ALTER TABLE `inquilino` DISABLE KEYS */;
/*!40000 ALTER TABLE `inquilino` ENABLE KEYS */;
UNLOCK TABLES;

--
-- Table structure for table `localizacao`
--

DROP TABLE IF EXISTS `localizacao`;
/*!40101 SET @saved_cs_client     = @@character_set_client */;
/*!50503 SET character_set_client = utf8mb4 */;
CREATE TABLE `localizacao` (
  `idlocalizacao` int NOT NULL AUTO_INCREMENT,
  `nome_cidade` varchar(20) DEFAULT NULL,
  `id_estado` int DEFAULT NULL,
  PRIMARY KEY (`idlocalizacao`),
  KEY `id_estado_idx` (`id_estado`),
  CONSTRAINT `id_estado` FOREIGN KEY (`id_estado`) REFERENCES `estados` (`id_estado`)
) ENGINE=InnoDB AUTO_INCREMENT=3 DEFAULT CHARSET=utf8mb4 COLLATE=utf8mb4_0900_ai_ci;
/*!40101 SET character_set_client = @saved_cs_client */;

--
-- Dumping data for table `localizacao`
--

LOCK TABLES `localizacao` WRITE;
/*!40000 ALTER TABLE `localizacao` DISABLE KEYS */;
INSERT INTO `localizacao` VALUES (1,'Alhandra',15),(2,'João Pessoa',15);
/*!40000 ALTER TABLE `localizacao` ENABLE KEYS */;
UNLOCK TABLES;

--
-- Table structure for table `log_atividades`
--

DROP TABLE IF EXISTS `log_atividades`;
/*!40101 SET @saved_cs_client     = @@character_set_client */;
/*!50503 SET character_set_client = utf8mb4 */;
CREATE TABLE `log_atividades` (
  `idlog_atividades` int NOT NULL,
  `atividade` varchar(45) DEFAULT NULL,
  PRIMARY KEY (`idlog_atividades`)
) ENGINE=InnoDB DEFAULT CHARSET=utf8mb4 COLLATE=utf8mb4_0900_ai_ci;
/*!40101 SET character_set_client = @saved_cs_client */;

--
-- Dumping data for table `log_atividades`
--

LOCK TABLES `log_atividades` WRITE;
/*!40000 ALTER TABLE `log_atividades` DISABLE KEYS */;
/*!40000 ALTER TABLE `log_atividades` ENABLE KEYS */;
UNLOCK TABLES;

--
-- Table structure for table `nivel_de_acesso`
--

DROP TABLE IF EXISTS `nivel_de_acesso`;
/*!40101 SET @saved_cs_client     = @@character_set_client */;
/*!50503 SET character_set_client = utf8mb4 */;
CREATE TABLE `nivel_de_acesso` (
  `id_nivel` int NOT NULL,
  `nome_nivel` varchar(45) DEFAULT NULL,
  PRIMARY KEY (`id_nivel`)
) ENGINE=InnoDB DEFAULT CHARSET=utf8mb4 COLLATE=utf8mb4_0900_ai_ci;
/*!40101 SET character_set_client = @saved_cs_client */;

--
-- Dumping data for table `nivel_de_acesso`
--

LOCK TABLES `nivel_de_acesso` WRITE;
/*!40000 ALTER TABLE `nivel_de_acesso` DISABLE KEYS */;
/*!40000 ALTER TABLE `nivel_de_acesso` ENABLE KEYS */;
UNLOCK TABLES;

--
-- Table structure for table `propriedade`
--

DROP TABLE IF EXISTS `propriedade`;
/*!40101 SET @saved_cs_client     = @@character_set_client */;
/*!50503 SET character_set_client = utf8mb4 */;
CREATE TABLE `propriedade` (
  `idpropriedade` int NOT NULL AUTO_INCREMENT,
  `nome_propriedade` varchar(45) NOT NULL,
  `id_localizacao` int DEFAULT NULL,
  `id_tipo_prop` int DEFAULT NULL,
  `tamanho` float DEFAULT NULL,
  `valor_adquirido` float DEFAULT NULL,
  `endereco` varchar(100) DEFAULT NULL,
  `id_situacao` int DEFAULT NULL,
  `data_registro` datetime DEFAULT NULL,
  PRIMARY KEY (`idpropriedade`)
) ENGINE=InnoDB AUTO_INCREMENT=13 DEFAULT CHARSET=utf8mb4 COLLATE=utf8mb4_0900_ai_ci;
/*!40101 SET character_set_client = @saved_cs_client */;

--
-- Dumping data for table `propriedade`
--

LOCK TABLES `propriedade` WRITE;
/*!40000 ALTER TABLE `propriedade` DISABLE KEYS */;
INSERT INTO `propriedade` VALUES (8,'Minha loja',2,7,100,123456,'Fazenda da Boa Esperança ',1,'2024-10-14 00:00:00'),(11,'Propriedade Completa',2,2,500,100000,'Fazenda da Boa Esperança ',1,'2024-10-14 00:00:00'),(12,'Loja ali da esquina',1,2,123,123123,'Fazenda da Boa Esperança ',2,'2024-10-14 00:00:00');
/*!40000 ALTER TABLE `propriedade` ENABLE KEYS */;
UNLOCK TABLES;

--
-- Table structure for table `situacao`
--

DROP TABLE IF EXISTS `situacao`;
/*!40101 SET @saved_cs_client     = @@character_set_client */;
/*!50503 SET character_set_client = utf8mb4 */;
CREATE TABLE `situacao` (
  `id_situacao` int NOT NULL AUTO_INCREMENT,
  `nome_situacao` varchar(45) DEFAULT NULL,
  PRIMARY KEY (`id_situacao`)
) ENGINE=InnoDB AUTO_INCREMENT=8 DEFAULT CHARSET=utf8mb4 COLLATE=utf8mb4_0900_ai_ci;
/*!40101 SET character_set_client = @saved_cs_client */;

--
-- Dumping data for table `situacao`
--

LOCK TABLES `situacao` WRITE;
/*!40000 ALTER TABLE `situacao` DISABLE KEYS */;
INSERT INTO `situacao` VALUES (1,'À Venda'),(2,'Para Alugar'),(3,'Arrendamento'),(4,'Permuta'),(5,'Em Construção'),(6,'Vendido'),(7,'Alugado');
/*!40000 ALTER TABLE `situacao` ENABLE KEYS */;
UNLOCK TABLES;

--
-- Table structure for table `tipo_prop`
--

DROP TABLE IF EXISTS `tipo_prop`;
/*!40101 SET @saved_cs_client     = @@character_set_client */;
/*!50503 SET character_set_client = utf8mb4 */;
CREATE TABLE `tipo_prop` (
  `id_tipo_prop` int NOT NULL AUTO_INCREMENT,
  `nome_tipo` varchar(45) DEFAULT NULL,
  PRIMARY KEY (`id_tipo_prop`)
) ENGINE=InnoDB AUTO_INCREMENT=8 DEFAULT CHARSET=utf8mb4 COLLATE=utf8mb4_0900_ai_ci;
/*!40101 SET character_set_client = @saved_cs_client */;

--
-- Dumping data for table `tipo_prop`
--

LOCK TABLES `tipo_prop` WRITE;
/*!40000 ALTER TABLE `tipo_prop` DISABLE KEYS */;
INSERT INTO `tipo_prop` VALUES (1,'Residencial'),(2,'Industrial'),(3,'Rural'),(4,'Terreno'),(5,'Institucional'),(6,'Misto'),(7,'Comercial');
/*!40000 ALTER TABLE `tipo_prop` ENABLE KEYS */;
UNLOCK TABLES;

--
-- Table structure for table `usuarios`
--

DROP TABLE IF EXISTS `usuarios`;
/*!40101 SET @saved_cs_client     = @@character_set_client */;
/*!50503 SET character_set_client = utf8mb4 */;
CREATE TABLE `usuarios` (
  `idusuario` int NOT NULL,
  `nome_usuario` varchar(45) DEFAULT NULL,
  `senha` varchar(20) DEFAULT NULL,
  `idnivel_acesso` int DEFAULT NULL,
  PRIMARY KEY (`idusuario`)
) ENGINE=InnoDB DEFAULT CHARSET=utf8mb4 COLLATE=utf8mb4_0900_ai_ci;
/*!40101 SET character_set_client = @saved_cs_client */;

--
-- Dumping data for table `usuarios`
--

LOCK TABLES `usuarios` WRITE;
/*!40000 ALTER TABLE `usuarios` DISABLE KEYS */;
/*!40000 ALTER TABLE `usuarios` ENABLE KEYS */;
UNLOCK TABLES;
/*!40103 SET TIME_ZONE=@OLD_TIME_ZONE */;

/*!40101 SET SQL_MODE=@OLD_SQL_MODE */;
/*!40014 SET FOREIGN_KEY_CHECKS=@OLD_FOREIGN_KEY_CHECKS */;
/*!40014 SET UNIQUE_CHECKS=@OLD_UNIQUE_CHECKS */;
/*!40101 SET CHARACTER_SET_CLIENT=@OLD_CHARACTER_SET_CLIENT */;
/*!40101 SET CHARACTER_SET_RESULTS=@OLD_CHARACTER_SET_RESULTS */;
/*!40101 SET COLLATION_CONNECTION=@OLD_COLLATION_CONNECTION */;
/*!40111 SET SQL_NOTES=@OLD_SQL_NOTES */;

-- Dump completed on 2024-10-14 20:45:08
